"site","type","date","gene","product","aaPos","aa"
4,"fixation",2021-05-03,"ORF1ab","leader protein",4,"L"
75,"fixation",2020-06-01,"ORF1ab","leader protein",75,"D"
75,"fixation",2020-05-01,"ORF1ab","leader protein",75,"D"
144,"fixation",2021-01-01,"ORF1ab","leader protein",144,"D"
144,"fixation",2020-12-01,"ORF1ab","leader protein",144,"D"
147,"fixation",2020-09-01,"ORF1ab","leader protein",147,"D"
190,"fixation",2020-06-01,"ORF1ab","nsp2",190,"F"
190,"fixation",2020-05-01,"ORF1ab","nsp2",190,"F"
207,"fixation",2020-09-01,"ORF1ab","nsp2",207,"R"
207,"fixation",2020-06-01,"ORF1ab","nsp2",207,"R"
207,"fixation",2020-11-02,"ORF1ab","nsp2",207,"R"
207,"fixation",2020-05-01,"ORF1ab","nsp2",207,"R"
207,"fixation",2020-08-03,"ORF1ab","nsp2",207,"R"
207,"fixation",2020-10-01,"ORF1ab","nsp2",207,"R"
207,"fixation",2020-07-01,"ORF1ab","nsp2",207,"R"
265,"fixation",2020-09-01,"ORF1ab","nsp2",265,"T"
265,"fixation",2020-07-01,"ORF1ab","nsp2",265,"T"
265,"fixation",2020-08-03,"ORF1ab","nsp2",265,"T"
265,"paraFix",2021-05-03,"ORF1ab","nsp2",265,"T"
265,"fixation",2020-10-01,"ORF1ab","nsp2",265,"T"
265,"fixation",2021-01-01,"ORF1ab","nsp2",265,"T"
265,"fixation",2021-02-01,"ORF1ab","nsp2",265,"T"
265,"fixation",2021-03-01,"ORF1ab","nsp2",265,"T"
265,"fixation",2020-11-02,"ORF1ab","nsp2",265,"T"
265,"paraFix",2020-05-01,"ORF1ab","nsp2",265,"T"
265,"fixation",2020-12-01,"ORF1ab","nsp2",265,"T"
265,"paraFix",2020-06-01,"ORF1ab","nsp2",265,"T"
265,"fixation",2021-04-02,"ORF1ab","nsp2",265,"T"
300,"fixation",2021-01-01,"ORF1ab","nsp2",300,"I"
300,"fixation",2020-07-01,"ORF1ab","nsp2",300,"I"
300,"fixation",2020-12-01,"ORF1ab","nsp2",300,"I"
300,"fixation",2021-05-03,"ORF1ab","nsp2",300,"I"
300,"fixation",2021-03-01,"ORF1ab","nsp2",300,"I"
300,"paraFix",2021-02-01,"ORF1ab","nsp2",300,"I"
300,"fixation",2020-09-01,"ORF1ab","nsp2",300,"I"
300,"fixation",2020-11-02,"ORF1ab","nsp2",300,"I"
300,"fixation",2020-10-01,"ORF1ab","nsp2",300,"I"
300,"fixation",2021-04-02,"ORF1ab","nsp2",300,"I"
300,"fixation",2020-08-03,"ORF1ab","nsp2",300,"I"
313,"fixation",2020-09-01,"ORF1ab","nsp2",313,"N"
346,"fixation",2021-05-03,"ORF1ab","nsp2",346,"T"
346,"fixation",2021-01-01,"ORF1ab","nsp2",346,"T"
378,"fixation",2020-05-01,"ORF1ab","nsp2",378,"V"
378,"paraFix",2020-12-01,"ORF1ab","nsp2",378,"V"
378,"fixation",2021-04-02,"ORF1ab","nsp2",378,"V"
378,"fixation",2020-06-01,"ORF1ab","nsp2",378,"V"
378,"fixation",2020-08-03,"ORF1ab","nsp2",378,"V"
378,"fixation",2020-11-02,"ORF1ab","nsp2",378,"V"
378,"fixation",2021-02-01,"ORF1ab","nsp2",378,"V"
378,"fixation",2021-01-01,"ORF1ab","nsp2",378,"V"
378,"fixation",2020-10-01,"ORF1ab","nsp2",378,"V"
378,"fixation",2021-03-01,"ORF1ab","nsp2",378,"V"
378,"fixation",2020-07-01,"ORF1ab","nsp2",378,"V"
378,"fixation",2020-09-01,"ORF1ab","nsp2",378,"V"
392,"fixation",2020-06-01,"ORF1ab","nsp2",392,"G"
392,"fixation",2020-09-01,"ORF1ab","nsp2",392,"G"
392,"fixation",2020-07-01,"ORF1ab","nsp2",392,"G"
392,"fixation",2020-10-01,"ORF1ab","nsp2",392,"G"
392,"fixation",2020-05-01,"ORF1ab","nsp2",392,"G"
392,"fixation",2020-08-03,"ORF1ab","nsp2",392,"G"
400,"fixation",2020-09-01,"ORF1ab","nsp2",400,"G"
454,"fixation",2020-09-01,"ORF1ab","nsp2",454,"L"
460,"fixation",2021-04-02,"ORF1ab","nsp2",460,"N"
460,"fixation",2021-05-03,"ORF1ab","nsp2",460,"N"
526,"fixation",2020-09-01,"ORF1ab","nsp2",526,"Q"
561,"fixation",2021-03-01,"ORF1ab","nsp2",561,"V"
561,"fixation",2021-04-02,"ORF1ab","nsp2",561,"V"
561,"fixation",2021-01-01,"ORF1ab","nsp2",561,"V"
661,"fixation",2020-09-01,"ORF1ab","nsp2",661,"G"
690,"fixation",2021-04-02,"ORF1ab","nsp2",690,"A"
690,"fixation",2021-05-03,"ORF1ab","nsp2",690,"A"
730,"fixation",2021-05-03,"ORF1ab","nsp2",730,"L"
730,"fixation",2021-04-02,"ORF1ab","nsp2",730,"L"
737,"paraFix",2021-01-01,"ORF1ab","nsp2",737,"K"
739,"fixation",2020-06-01,"ORF1ab","nsp2",739,"I"
739,"fixation",2020-05-01,"ORF1ab","nsp2",739,"I"
739,"fixation",2020-08-03,"ORF1ab","nsp2",739,"I"
739,"fixation",2020-07-01,"ORF1ab","nsp2",739,"I"
739,"fixation",2020-09-01,"ORF1ab","nsp2",739,"I"
739,"fixation",2020-10-01,"ORF1ab","nsp2",739,"I"
739,"fixation",2020-11-02,"ORF1ab","nsp2",739,"I"
765,"fixation",2020-10-01,"ORF1ab","nsp2",765,"P"
765,"fixation",2020-05-01,"ORF1ab","nsp2",765,"P"
765,"fixation",2020-11-02,"ORF1ab","nsp2",765,"P"
765,"fixation",2020-07-01,"ORF1ab","nsp2",765,"P"
765,"fixation",2020-09-01,"ORF1ab","nsp2",765,"P"
765,"fixation",2020-06-01,"ORF1ab","nsp2",765,"P"
765,"fixation",2020-08-03,"ORF1ab","nsp2",765,"P"
776,"fixation",2021-04-02,"ORF1ab","nsp2",776,"A"
776,"fixation",2021-05-03,"ORF1ab","nsp2",776,"A"
804,"fixation",2021-04-02,"ORF1ab","nsp2",804,"P"
804,"fixation",2021-05-03,"ORF1ab","nsp2",804,"P"
876,"fixation",2020-06-01,"ORF1ab","nsp3",876,"A"
876,"fixation",2020-07-01,"ORF1ab","nsp3",876,"A"
876,"fixation",2020-10-01,"ORF1ab","nsp3",876,"A"
876,"fixation",2020-09-01,"ORF1ab","nsp3",876,"A"
876,"fixation",2020-08-03,"ORF1ab","nsp3",876,"A"
876,"fixation",2020-05-01,"ORF1ab","nsp3",876,"A"
959,"fixation",2021-04-02,"ORF1ab","nsp3",959,"P"
959,"fixation",2021-05-03,"ORF1ab","nsp3",959,"P"
971,"fixation",2020-06-01,"ORF1ab","nsp3",971,"P"
971,"fixation",2020-05-01,"ORF1ab","nsp3",971,"P"
989,"fixation",2021-02-01,"ORF1ab","nsp3",989,"G"
1001,"fixation",2021-02-01,"ORF1ab","nsp3",1001,"T"
1001,"fixation",2021-04-02,"ORF1ab","nsp3",1001,"T"
1001,"fixation",2021-01-01,"ORF1ab","nsp3",1001,"T"
1001,"paraFix",2021-05-03,"ORF1ab","nsp3",1001,"T"
1001,"fixation",2021-03-01,"ORF1ab","nsp3",1001,"T"
1013,"fixation",2021-05-03,"ORF1ab","nsp3",1013,"E"
1036,"fixation",2020-11-02,"ORF1ab","nsp3",1036,"D"
1036,"fixation",2020-09-01,"ORF1ab","nsp3",1036,"D"
1036,"fixation",2020-08-03,"ORF1ab","nsp3",1036,"D"
1036,"fixation",2020-07-01,"ORF1ab","nsp3",1036,"D"
1036,"fixation",2021-01-01,"ORF1ab","nsp3",1036,"D"
1036,"fixation",2020-10-01,"ORF1ab","nsp3",1036,"D"
1113,"fixation",2020-12-01,"ORF1ab","nsp3",1113,"H"
1113,"fixation",2021-02-01,"ORF1ab","nsp3",1113,"H"
1113,"fixation",2021-03-01,"ORF1ab","nsp3",1113,"H"
1113,"fixation",2021-01-01,"ORF1ab","nsp3",1113,"H"
1168,"fixation",2021-04-02,"ORF1ab","nsp3",1168,"T"
1168,"fixation",2021-05-03,"ORF1ab","nsp3",1168,"T"
1188,"fixation",2021-05-03,"ORF1ab","nsp3",1188,"S"
1188,"fixation",2021-04-02,"ORF1ab","nsp3",1188,"S"
1188,"fixation",2021-03-01,"ORF1ab","nsp3",1188,"S"
1188,"fixation",2021-02-01,"ORF1ab","nsp3",1188,"S"
1202,"fixation",2021-01-01,"ORF1ab","nsp3",1202,"K"
1202,"fixation",2020-12-01,"ORF1ab","nsp3",1202,"K"
1246,"fixation",2020-11-02,"ORF1ab","nsp3",1246,"T"
1246,"fixation",2020-10-01,"ORF1ab","nsp3",1246,"T"
1246,"fixation",2021-05-03,"ORF1ab","nsp3",1246,"T"
1246,"fixation",2020-07-01,"ORF1ab","nsp3",1246,"T"
1246,"fixation",2020-08-03,"ORF1ab","nsp3",1246,"T"
1246,"fixation",2021-02-01,"ORF1ab","nsp3",1246,"T"
1246,"fixation",2020-09-01,"ORF1ab","nsp3",1246,"T"
1246,"fixation",2021-04-02,"ORF1ab","nsp3",1246,"T"
1246,"fixation",2021-01-01,"ORF1ab","nsp3",1246,"T"
1246,"fixation",2021-03-01,"ORF1ab","nsp3",1246,"T"
1246,"fixation",2020-06-01,"ORF1ab","nsp3",1246,"T"
1246,"fixation",2020-12-01,"ORF1ab","nsp3",1246,"T"
1250,"fixation",2021-01-01,"ORF1ab","nsp3",1250,"T"
1352,"paraFix",2020-05-01,"ORF1ab","nsp3",1352,"A"
1361,"fixation",2020-12-01,"ORF1ab","nsp3",1361,"S"
1375,"fixation",2020-05-01,"ORF1ab","nsp3",1375,"L"
1375,"fixation",2020-06-01,"ORF1ab","nsp3",1375,"L"
1375,"fixation",2020-07-01,"ORF1ab","nsp3",1375,"L"
1375,"fixation",2020-10-01,"ORF1ab","nsp3",1375,"L"
1375,"fixation",2020-09-01,"ORF1ab","nsp3",1375,"L"
1599,"fixation",2020-05-01,"ORF1ab","nsp3",1599,"L"
1640,"fixation",2021-04-02,"ORF1ab","nsp3",1640,"P"
1640,"fixation",2021-05-03,"ORF1ab","nsp3",1640,"P"
1655,"fixation",2021-03-01,"ORF1ab","nsp3",1655,"K"
1655,"fixation",2021-01-01,"ORF1ab","nsp3",1655,"K"
1655,"fixation",2021-05-03,"ORF1ab","nsp3",1655,"K"
1655,"fixation",2021-04-02,"ORF1ab","nsp3",1655,"K"
1655,"fixation",2021-02-01,"ORF1ab","nsp3",1655,"K"
1657,"fixation",2021-05-03,"ORF1ab","nsp3",1657,"K"
1708,"fixation",2021-01-01,"ORF1ab","nsp3",1708,"A"
1708,"fixation",2021-03-01,"ORF1ab","nsp3",1708,"A"
1708,"fixation",2021-04-02,"ORF1ab","nsp3",1708,"A"
1708,"fixation",2021-02-01,"ORF1ab","nsp3",1708,"A"
1708,"fixation",2021-05-03,"ORF1ab","nsp3",1708,"A"
1769,"paraFix",2020-09-01,"ORF1ab","nsp3",1769,"M"
1795,"fixation",2021-05-03,"ORF1ab","nsp3",1795,"K"
1795,"fixation",2021-02-01,"ORF1ab","nsp3",1795,"K"
1795,"fixation",2021-04-02,"ORF1ab","nsp3",1795,"K"
1795,"fixation",2021-03-01,"ORF1ab","nsp3",1795,"K"
1812,"fixation",2021-01-01,"ORF1ab","nsp3",1812,"A"
1812,"fixation",2021-02-01,"ORF1ab","nsp3",1812,"A"
1812,"fixation",2020-12-01,"ORF1ab","nsp3",1812,"A"
1840,"fixation",2020-09-01,"ORF1ab","nsp3",1840,"T"
1977,"fixation",2020-09-01,"ORF1ab","nsp3",1977,"P"
2007,"fixation",2021-05-03,"ORF1ab","nsp3",2007,"T"
2015,"fixation",2020-07-01,"ORF1ab","nsp3",2015,"S"
2015,"fixation",2020-10-01,"ORF1ab","nsp3",2015,"S"
2015,"fixation",2020-08-03,"ORF1ab","nsp3",2015,"S"
2015,"fixation",2020-06-01,"ORF1ab","nsp3",2015,"S"
2015,"fixation",2020-09-01,"ORF1ab","nsp3",2015,"S"
2015,"fixation",2020-05-01,"ORF1ab","nsp3",2015,"S"
2016,"fixation",2020-10-01,"ORF1ab","nsp3",2016,"T"
2016,"paraFix",2021-01-01,"ORF1ab","nsp3",2016,"T"
2016,"fixation",2020-11-02,"ORF1ab","nsp3",2016,"T"
2016,"fixation",2020-08-03,"ORF1ab","nsp3",2016,"T"
2016,"fixation",2020-12-01,"ORF1ab","nsp3",2016,"T"
2016,"paraFix",2021-02-01,"ORF1ab","nsp3",2016,"T"
2016,"fixation",2021-05-03,"ORF1ab","nsp3",2016,"T"
2016,"fixation",2020-07-01,"ORF1ab","nsp3",2016,"T"
2016,"paraFix",2021-03-01,"ORF1ab","nsp3",2016,"T"
2016,"fixation",2021-04-02,"ORF1ab","nsp3",2016,"T"
2016,"fixation",2020-05-01,"ORF1ab","nsp3",2016,"T"
2016,"fixation",2020-06-01,"ORF1ab","nsp3",2016,"T"
2016,"fixation",2020-09-01,"ORF1ab","nsp3",2016,"T"
2046,"paraFix",2020-09-01,"ORF1ab","nsp3",2046,"P"
2230,"fixation",2021-01-01,"ORF1ab","nsp3",2230,"I"
2230,"fixation",2021-05-03,"ORF1ab","nsp3",2230,"I"
2230,"fixation",2021-04-02,"ORF1ab","nsp3",2230,"I"
2230,"fixation",2021-03-01,"ORF1ab","nsp3",2230,"I"
2230,"fixation",2021-02-01,"ORF1ab","nsp3",2230,"I"
2259,"fixation",2021-05-03,"ORF1ab","nsp3",2259,"M"
2501,"fixation",2021-04-02,"ORF1ab","nsp3",2501,"I"
2501,"fixation",2020-09-01,"ORF1ab","nsp3",2501,"I"
2501,"fixation",2020-12-01,"ORF1ab","nsp3",2501,"I"
2501,"fixation",2021-05-03,"ORF1ab","nsp3",2501,"I"
2501,"fixation",2021-03-01,"ORF1ab","nsp3",2501,"I"
2501,"fixation",2021-01-01,"ORF1ab","nsp3",2501,"I"
2501,"fixation",2021-02-01,"ORF1ab","nsp3",2501,"I"
2606,"fixation",2021-03-01,"ORF1ab","nsp3",2606,"M"
2606,"fixation",2021-04-02,"ORF1ab","nsp3",2606,"M"
2606,"fixation",2020-12-01,"ORF1ab","nsp3",2606,"M"
2606,"fixation",2021-05-03,"ORF1ab","nsp3",2606,"M"
2606,"fixation",2021-01-01,"ORF1ab","nsp3",2606,"M"
2606,"fixation",2021-02-01,"ORF1ab","nsp3",2606,"M"
2702,"fixation",2020-12-01,"ORF1ab","nsp3",2702,"Q"
2702,"fixation",2020-08-03,"ORF1ab","nsp3",2702,"Q"
2702,"fixation",2020-09-01,"ORF1ab","nsp3",2702,"Q"
2702,"fixation",2020-11-02,"ORF1ab","nsp3",2702,"Q"
2702,"fixation",2020-10-01,"ORF1ab","nsp3",2702,"Q"
2702,"fixation",2021-02-01,"ORF1ab","nsp3",2702,"Q"
2702,"fixation",2021-01-01,"ORF1ab","nsp3",2702,"Q"
2702,"fixation",2020-07-01,"ORF1ab","nsp3",2702,"Q"
2739,"fixation",2021-01-01,"ORF1ab","nsp3",2739,"P"
2769,"fixation",2021-02-01,"ORF1ab","nsp4",2769,"W"
2780,"fixation",2021-05-03,"ORF1ab","nsp4",2780,"F"
2780,"fixation",2021-02-01,"ORF1ab","nsp4",2780,"F"
2791,"fixation",2021-01-01,"ORF1ab","nsp4",2791,"T"
2791,"fixation",2021-03-01,"ORF1ab","nsp4",2791,"T"
2791,"fixation",2021-02-01,"ORF1ab","nsp4",2791,"T"
2796,"fixation",2020-05-01,"ORF1ab","nsp4",2796,"M"
2796,"fixation",2020-08-03,"ORF1ab","nsp4",2796,"M"
2796,"fixation",2020-11-02,"ORF1ab","nsp4",2796,"M"
2796,"fixation",2020-06-01,"ORF1ab","nsp4",2796,"M"
2796,"fixation",2020-09-01,"ORF1ab","nsp4",2796,"M"
2796,"fixation",2020-10-01,"ORF1ab","nsp4",2796,"M"
2796,"fixation",2020-07-01,"ORF1ab","nsp4",2796,"M"
2994,"paraFix",2020-09-01,"ORF1ab","nsp4",2994,"A"
3042,"fixation",2021-01-01,"ORF1ab","nsp4",3042,"D"
3042,"fixation",2021-02-01,"ORF1ab","nsp4",3042,"D"
3071,"fixation",2021-02-01,"ORF1ab","nsp4",3071,"F"
3071,"fixation",2020-08-03,"ORF1ab","nsp4",3071,"F"
3071,"fixation",2020-11-02,"ORF1ab","nsp4",3071,"F"
3071,"fixation",2021-01-01,"ORF1ab","nsp4",3071,"F"
3071,"fixation",2021-05-03,"ORF1ab","nsp4",3071,"F"
3071,"fixation",2020-12-01,"ORF1ab","nsp4",3071,"F"
3071,"fixation",2020-07-01,"ORF1ab","nsp4",3071,"F"
3071,"fixation",2020-10-01,"ORF1ab","nsp4",3071,"F"
3071,"fixation",2020-05-01,"ORF1ab","nsp4",3071,"F"
3071,"fixation",2021-04-02,"ORF1ab","nsp4",3071,"F"
3071,"fixation",2020-09-01,"ORF1ab","nsp4",3071,"F"
3071,"fixation",2020-06-01,"ORF1ab","nsp4",3071,"F"
3079,"fixation",2020-09-01,"ORF1ab","nsp4",3079,"A"
3087,"fixation",2021-04-02,"ORF1ab","nsp4",3087,"M"
3087,"fixation",2021-02-01,"ORF1ab","nsp4",3087,"M"
3087,"fixation",2021-03-01,"ORF1ab","nsp4",3087,"M"
3087,"fixation",2021-01-01,"ORF1ab","nsp4",3087,"M"
3087,"fixation",2021-05-03,"ORF1ab","nsp4",3087,"M"
3087,"fixation",2020-12-01,"ORF1ab","nsp4",3087,"M"
3143,"fixation",2021-05-03,"ORF1ab","nsp4",3143,"A"
3233,"fixation",2020-05-01,"ORF1ab","nsp4",3233,"H"
3233,"fixation",2020-09-01,"ORF1ab","nsp4",3233,"H"
3255,"paraFix",2021-05-03,"ORF1ab","nsp4",3255,"T"
3255,"fixation",2021-04-02,"ORF1ab","nsp4",3255,"T"
3255,"fixation",2020-09-01,"ORF1ab","nsp4",3255,"T"
3278,"fixation",2020-12-01,"ORF1ab","3C-like proteinase",3278,"G"
3278,"fixation",2021-02-01,"ORF1ab","3C-like proteinase",3278,"G"
3278,"fixation",2021-05-03,"ORF1ab","3C-like proteinase",3278,"G"
3278,"fixation",2020-05-01,"ORF1ab","3C-like proteinase",3278,"G"
3278,"fixation",2020-07-01,"ORF1ab","3C-like proteinase",3278,"G"
3278,"fixation",2021-03-01,"ORF1ab","3C-like proteinase",3278,"G"
3278,"fixation",2020-11-02,"ORF1ab","3C-like proteinase",3278,"G"
3278,"fixation",2020-08-03,"ORF1ab","3C-like proteinase",3278,"G"
3278,"fixation",2021-04-02,"ORF1ab","3C-like proteinase",3278,"G"
3278,"fixation",2021-01-01,"ORF1ab","3C-like proteinase",3278,"G"
3278,"paraFix",2020-09-01,"ORF1ab","3C-like proteinase",3278,"G"
3278,"fixation",2020-10-01,"ORF1ab","3C-like proteinase",3278,"G"
3278,"fixation",2020-06-01,"ORF1ab","3C-like proteinase",3278,"G"
3287,"fixation",2021-02-01,"ORF1ab","3C-like proteinase",3287,"T"
3287,"fixation",2021-03-01,"ORF1ab","3C-like proteinase",3287,"T"
3287,"fixation",2021-01-01,"ORF1ab","3C-like proteinase",3287,"T"
3334,"fixation",2021-01-01,"ORF1ab","3C-like proteinase",3334,"G"
3334,"fixation",2020-08-03,"ORF1ab","3C-like proteinase",3334,"G"
3334,"fixation",2020-11-02,"ORF1ab","3C-like proteinase",3334,"G"
3334,"fixation",2020-10-01,"ORF1ab","3C-like proteinase",3334,"G"
3334,"fixation",2020-07-01,"ORF1ab","3C-like proteinase",3334,"G"
3334,"fixation",2020-09-01,"ORF1ab","3C-like proteinase",3334,"G"
3334,"fixation",2021-03-01,"ORF1ab","3C-like proteinase",3334,"G"
3334,"fixation",2021-02-01,"ORF1ab","3C-like proteinase",3334,"G"
3352,"fixation",2021-02-01,"ORF1ab","3C-like proteinase",3352,"L"
3352,"fixation",2021-01-01,"ORF1ab","3C-like proteinase",3352,"L"
3352,"fixation",2020-05-01,"ORF1ab","3C-like proteinase",3352,"L"
3352,"fixation",2020-12-01,"ORF1ab","3C-like proteinase",3352,"L"
3352,"fixation",2020-11-02,"ORF1ab","3C-like proteinase",3352,"L"
3352,"fixation",2021-04-02,"ORF1ab","3C-like proteinase",3352,"L"
3352,"fixation",2021-03-01,"ORF1ab","3C-like proteinase",3352,"L"
3352,"fixation",2021-05-03,"ORF1ab","3C-like proteinase",3352,"L"
3353,"paraFix",2021-02-01,"ORF1ab","3C-like proteinase",3353,"K"
3353,"fixation",2021-01-01,"ORF1ab","3C-like proteinase",3353,"K"
3353,"fixation",2021-05-03,"ORF1ab","3C-like proteinase",3353,"K"
3353,"fixation",2021-03-01,"ORF1ab","3C-like proteinase",3353,"K"
3353,"fixation",2021-04-02,"ORF1ab","3C-like proteinase",3353,"K"
3359,"fixation",2021-02-01,"ORF1ab","3C-like proteinase",3359,"P"
3371,"fixation",2020-12-01,"ORF1ab","3C-like proteinase",3371,"P"
3395,"fixation",2020-09-01,"ORF1ab","3C-like proteinase",3395,"P"
3468,"fixation",2021-03-01,"ORF1ab","3C-like proteinase",3468,"L"
3468,"fixation",2021-01-01,"ORF1ab","3C-like proteinase",3468,"L"
3468,"fixation",2021-04-02,"ORF1ab","3C-like proteinase",3468,"L"
3468,"fixation",2021-05-03,"ORF1ab","3C-like proteinase",3468,"L"
3468,"fixation",2021-02-01,"ORF1ab","3C-like proteinase",3468,"L"
3580,"fixation",2021-05-03,"ORF1ab","nsp6",3580,"H"
3606,"fixation",2020-06-01,"ORF1ab","nsp6",3606,"L"
3606,"paraFix",2020-08-03,"ORF1ab","nsp6",3606,"L"
3606,"paraFix",2021-03-01,"ORF1ab","nsp6",3606,"L"
3606,"paraFix",2021-04-02,"ORF1ab","nsp6",3606,"L"
3606,"paraFix",2020-11-02,"ORF1ab","nsp6",3606,"L"
3606,"paraFix",2021-01-01,"ORF1ab","nsp6",3606,"L"
3606,"paraFix",2020-10-01,"ORF1ab","nsp6",3606,"L"
3606,"paraFix",2021-02-01,"ORF1ab","nsp6",3606,"L"
3606,"paraFix",2020-05-01,"ORF1ab","nsp6",3606,"L"
3606,"paraFix",2020-07-01,"ORF1ab","nsp6",3606,"L"
3606,"fixation",2020-12-01,"ORF1ab","nsp6",3606,"L"
3606,"paraFix",2021-05-03,"ORF1ab","nsp6",3606,"L"
3606,"paraFix",2020-09-01,"ORF1ab","nsp6",3606,"L"
3615,"fixation",2020-09-01,"ORF1ab","nsp6",3615,"A"
3615,"fixation",2020-10-01,"ORF1ab","nsp6",3615,"A"
3618,"fixation",2021-05-03,"ORF1ab","nsp6",3618,"I"
3618,"fixation",2021-04-02,"ORF1ab","nsp6",3618,"I"
3623,"fixation",2021-01-01,"ORF1ab","nsp6",3623,"A"
3623,"fixation",2021-02-01,"ORF1ab","nsp6",3623,"A"
3655,"fixation",2021-04-02,"ORF1ab","nsp6",3655,"M"
3655,"fixation",2021-05-03,"ORF1ab","nsp6",3655,"M"
3655,"fixation",2020-09-01,"ORF1ab","nsp6",3655,"M"
3655,"fixation",2021-01-01,"ORF1ab","nsp6",3655,"M"
3655,"fixation",2020-10-01,"ORF1ab","nsp6",3655,"M"
3655,"fixation",2021-03-01,"ORF1ab","nsp6",3655,"M"
3667,"fixation",2021-05-03,"ORF1ab","nsp6",3667,"L"
3667,"fixation",2021-03-01,"ORF1ab","nsp6",3667,"L"
3667,"fixation",2021-04-02,"ORF1ab","nsp6",3667,"L"
3718,"fixation",2021-01-01,"ORF1ab","nsp6",3718,"V"
3728,"fixation",2020-12-01,"ORF1ab","nsp6",3728,"D"
3752,"fixation",2021-03-01,"ORF1ab","nsp6",3752,"M"
3752,"fixation",2021-04-02,"ORF1ab","nsp6",3752,"M"
3752,"fixation",2021-05-03,"ORF1ab","nsp6",3752,"M"
3884,"fixation",2020-11-02,"ORF1ab","nsp7",3884,"S"
3884,"fixation",2020-06-01,"ORF1ab","nsp7",3884,"S"
3884,"fixation",2020-09-01,"ORF1ab","nsp7",3884,"S"
3884,"fixation",2021-02-01,"ORF1ab","nsp7",3884,"S"
3884,"fixation",2021-04-02,"ORF1ab","nsp7",3884,"S"
3884,"fixation",2020-05-01,"ORF1ab","nsp7",3884,"S"
3884,"fixation",2020-07-01,"ORF1ab","nsp7",3884,"S"
3884,"fixation",2020-08-03,"ORF1ab","nsp7",3884,"S"
3884,"fixation",2021-01-01,"ORF1ab","nsp7",3884,"S"
3884,"fixation",2020-10-01,"ORF1ab","nsp7",3884,"S"
3884,"fixation",2020-12-01,"ORF1ab","nsp7",3884,"S"
3884,"fixation",2021-05-03,"ORF1ab","nsp7",3884,"S"
3930,"fixation",2021-05-03,"ORF1ab","nsp7",3930,"L"
3930,"fixation",2021-04-02,"ORF1ab","nsp7",3930,"L"
3930,"fixation",2020-11-02,"ORF1ab","nsp7",3930,"L"
3930,"fixation",2021-02-01,"ORF1ab","nsp7",3930,"L"
3930,"fixation",2021-03-01,"ORF1ab","nsp7",3930,"L"
3930,"fixation",2021-01-01,"ORF1ab","nsp7",3930,"L"
3966,"fixation",2021-05-03,"ORF1ab","nsp8",3966,"Q"
4071,"fixation",2020-05-01,"ORF1ab","nsp8",4071,"M"
4080,"fixation",2020-11-02,"ORF1ab","nsp8",4080,"Y"
4080,"fixation",2020-12-01,"ORF1ab","nsp8",4080,"Y"
4080,"fixation",2021-01-01,"ORF1ab","nsp8",4080,"Y"
4083,"fixation",2020-09-01,"ORF1ab","nsp8",4083,"T"
4090,"fixation",2021-02-01,"ORF1ab","nsp8",4090,"T"
4098,"fixation",2021-01-01,"ORF1ab","nsp8",4098,"I"
4175,"fixation",2021-04-02,"ORF1ab","nsp9",4175,"T"
4175,"fixation",2021-05-03,"ORF1ab","nsp9",4175,"T"
4205,"fixation",2021-04-02,"ORF1ab","nsp9",4205,"I"
4205,"fixation",2021-05-03,"ORF1ab","nsp9",4205,"I"
4241,"fixation",2021-05-03,"ORF1ab","nsp9",4241,"M"
4241,"fixation",2021-02-01,"ORF1ab","nsp9",4241,"M"
4241,"fixation",2021-01-01,"ORF1ab","nsp9",4241,"M"
4241,"fixation",2021-03-01,"ORF1ab","nsp9",4241,"M"
4241,"fixation",2021-04-02,"ORF1ab","nsp9",4241,"M"
4435,"fixation",2020-05-01,"ORF1ab","RNA-dependent RNA polymerase",4435,"A"
4489,"fixation",2020-08-03,"ORF1ab","RNA-dependent RNA polymerase",4489,"A"
4489,"fixation",2020-10-01,"ORF1ab","RNA-dependent RNA polymerase",4489,"A"
4489,"fixation",2020-11-02,"ORF1ab","RNA-dependent RNA polymerase",4489,"A"
4489,"fixation",2021-03-01,"ORF1ab","RNA-dependent RNA polymerase",4489,"A"
4489,"fixation",2021-01-01,"ORF1ab","RNA-dependent RNA polymerase",4489,"A"
4489,"fixation",2021-04-02,"ORF1ab","RNA-dependent RNA polymerase",4489,"A"
4489,"fixation",2021-02-01,"ORF1ab","RNA-dependent RNA polymerase",4489,"A"
4489,"fixation",2020-06-01,"ORF1ab","RNA-dependent RNA polymerase",4489,"A"
4489,"fixation",2020-07-01,"ORF1ab","RNA-dependent RNA polymerase",4489,"A"
4489,"fixation",2020-05-01,"ORF1ab","RNA-dependent RNA polymerase",4489,"A"
4489,"fixation",2021-05-03,"ORF1ab","RNA-dependent RNA polymerase",4489,"A"
4489,"fixation",2020-12-01,"ORF1ab","RNA-dependent RNA polymerase",4489,"A"
4489,"paraFix",2020-09-01,"ORF1ab","RNA-dependent RNA polymerase",4489,"A"
4577,"fixation",2021-02-01,"ORF1ab","RNA-dependent RNA polymerase",4577,"A"
4577,"fixation",2021-04-02,"ORF1ab","RNA-dependent RNA polymerase",4577,"A"
4577,"fixation",2021-03-01,"ORF1ab","RNA-dependent RNA polymerase",4577,"A"
4577,"fixation",2020-12-01,"ORF1ab","RNA-dependent RNA polymerase",4577,"A"
4577,"fixation",2021-01-01,"ORF1ab","RNA-dependent RNA polymerase",4577,"A"
4577,"fixation",2021-05-03,"ORF1ab","RNA-dependent RNA polymerase",4577,"A"
4619,"fixation",2021-04-02,"ORF1ab","RNA-dependent RNA polymerase",4619,"P"
4619,"fixation",2021-05-03,"ORF1ab","RNA-dependent RNA polymerase",4619,"P"
4694,"fixation",2021-03-01,"ORF1ab","RNA-dependent RNA polymerase",4694,"L"
4715,"fixation",2021-04-02,"ORF1ab","RNA-dependent RNA polymerase",4715,"P"
4715,"fixation",2020-12-01,"ORF1ab","RNA-dependent RNA polymerase",4715,"P"
4715,"fixation",2021-02-01,"ORF1ab","RNA-dependent RNA polymerase",4715,"P"
4715,"fixation",2021-03-01,"ORF1ab","RNA-dependent RNA polymerase",4715,"P"
4715,"fixation",2021-01-01,"ORF1ab","RNA-dependent RNA polymerase",4715,"P"
4715,"fixation",2020-10-01,"ORF1ab","RNA-dependent RNA polymerase",4715,"P"
4715,"fixation",2021-05-03,"ORF1ab","RNA-dependent RNA polymerase",4715,"P"
4715,"fixation",2020-08-03,"ORF1ab","RNA-dependent RNA polymerase",4715,"P"
4715,"fixation",2020-09-01,"ORF1ab","RNA-dependent RNA polymerase",4715,"P"
4715,"fixation",2020-07-01,"ORF1ab","RNA-dependent RNA polymerase",4715,"P"
4715,"fixation",2020-11-02,"ORF1ab","RNA-dependent RNA polymerase",4715,"P"
4715,"fixation",2020-06-01,"ORF1ab","RNA-dependent RNA polymerase",4715,"P"
4715,"fixation",2020-05-01,"ORF1ab","RNA-dependent RNA polymerase",4715,"P"
4815,"fixation",2020-12-01,"ORF1ab","RNA-dependent RNA polymerase",4815,"A"
5058,"fixation",2021-02-01,"ORF1ab","RNA-dependent RNA polymerase",5058,"M"
5058,"fixation",2021-03-01,"ORF1ab","RNA-dependent RNA polymerase",5058,"M"
5112,"fixation",2021-04-02,"ORF1ab","RNA-dependent RNA polymerase",5112,"V"
5112,"fixation",2021-03-01,"ORF1ab","RNA-dependent RNA polymerase",5112,"V"
5112,"fixation",2021-05-03,"ORF1ab","RNA-dependent RNA polymerase",5112,"V"
5112,"fixation",2021-01-01,"ORF1ab","RNA-dependent RNA polymerase",5112,"V"
5112,"fixation",2021-02-01,"ORF1ab","RNA-dependent RNA polymerase",5112,"V"
5168,"fixation",2021-04-02,"ORF1ab","RNA-dependent RNA polymerase",5168,"V"
5168,"fixation",2021-02-01,"ORF1ab","RNA-dependent RNA polymerase",5168,"V"
5168,"fixation",2021-05-03,"ORF1ab","RNA-dependent RNA polymerase",5168,"V"
5168,"fixation",2020-12-01,"ORF1ab","RNA-dependent RNA polymerase",5168,"V"
5168,"fixation",2021-03-01,"ORF1ab","RNA-dependent RNA polymerase",5168,"V"
5168,"fixation",2021-01-01,"ORF1ab","RNA-dependent RNA polymerase",5168,"V"
5215,"fixation",2020-10-01,"ORF1ab","RNA-dependent RNA polymerase",5215,"G"
5215,"fixation",2020-12-01,"ORF1ab","RNA-dependent RNA polymerase",5215,"G"
5310,"fixation",2020-11-02,"ORF1ab","RNA-dependent RNA polymerase",5310,"P"
5310,"fixation",2020-10-01,"ORF1ab","RNA-dependent RNA polymerase",5310,"P"
5310,"paraFix",2020-09-01,"ORF1ab","RNA-dependent RNA polymerase",5310,"P"
5371,"fixation",2020-09-01,"ORF1ab","helicase",5371,"P"
5371,"fixation",2020-07-01,"ORF1ab","helicase",5371,"P"
5401,"fixation",2021-05-03,"ORF1ab","helicase",5401,"P"
5542,"fixation",2020-12-01,"ORF1ab","helicase",5542,"K"
5542,"fixation",2021-05-03,"ORF1ab","helicase",5542,"K"
5542,"fixation",2021-04-02,"ORF1ab","helicase",5542,"K"
5542,"fixation",2021-03-01,"ORF1ab","helicase",5542,"K"
5542,"fixation",2021-02-01,"ORF1ab","helicase",5542,"K"
5542,"fixation",2021-01-01,"ORF1ab","helicase",5542,"K"
5584,"fixation",2021-02-01,"ORF1ab","helicase",5584,"D"
5584,"fixation",2021-05-03,"ORF1ab","helicase",5584,"D"
5584,"fixation",2021-04-02,"ORF1ab","helicase",5584,"D"
5585,"fixation",2021-03-01,"ORF1ab","helicase",5585,"E"
5585,"fixation",2021-01-01,"ORF1ab","helicase",5585,"E"
5585,"fixation",2021-02-01,"ORF1ab","helicase",5585,"E"
5585,"fixation",2021-05-03,"ORF1ab","helicase",5585,"E"
5585,"fixation",2021-04-02,"ORF1ab","helicase",5585,"E"
5585,"fixation",2020-12-01,"ORF1ab","helicase",5585,"E"
5588,"fixation",2021-02-01,"ORF1ab","helicase",5588,"S"
5614,"fixation",2020-09-01,"ORF1ab","helicase",5614,"H"
5614,"fixation",2021-05-03,"ORF1ab","helicase",5614,"H"
5614,"fixation",2021-02-01,"ORF1ab","helicase",5614,"H"
5614,"fixation",2021-01-01,"ORF1ab","helicase",5614,"H"
5614,"fixation",2020-10-01,"ORF1ab","helicase",5614,"H"
5614,"fixation",2020-12-01,"ORF1ab","helicase",5614,"H"
5614,"fixation",2021-03-01,"ORF1ab","helicase",5614,"H"
5614,"fixation",2021-04-02,"ORF1ab","helicase",5614,"H"
5665,"fixation",2021-05-03,"ORF1ab","helicase",5665,"E"
5665,"fixation",2021-02-01,"ORF1ab","helicase",5665,"E"
5665,"fixation",2021-04-02,"ORF1ab","helicase",5665,"E"
5665,"fixation",2021-03-01,"ORF1ab","helicase",5665,"E"
5716,"fixation",2020-09-01,"ORF1ab","helicase",5716,"R"
5752,"fixation",2021-03-01,"ORF1ab","helicase",5752,"L"
5752,"fixation",2021-02-01,"ORF1ab","helicase",5752,"L"
5752,"fixation",2021-01-01,"ORF1ab","helicase",5752,"L"
5784,"fixation",2021-05-03,"ORF1ab","helicase",5784,"K"
5784,"fixation",2021-03-01,"ORF1ab","helicase",5784,"K"
5784,"fixation",2021-04-02,"ORF1ab","helicase",5784,"K"
5784,"fixation",2021-02-01,"ORF1ab","helicase",5784,"K"
5809,"fixation",2020-05-01,"ORF1ab","helicase",5809,"S"
5809,"fixation",2020-09-01,"ORF1ab","helicase",5809,"S"
5825,"fixation",2021-01-01,"ORF1ab","helicase",5825,"T"
5828,"paraFix",2020-08-03,"ORF1ab","helicase",5828,"P"
5828,"fixation",2020-06-01,"ORF1ab","helicase",5828,"P"
5828,"fixation",2020-05-01,"ORF1ab","helicase",5828,"P"
5828,"fixation",2020-10-01,"ORF1ab","helicase",5828,"P"
5828,"fixation",2020-07-01,"ORF1ab","helicase",5828,"P"
5828,"fixation",2020-09-01,"ORF1ab","helicase",5828,"P"
5828,"fixation",2020-11-02,"ORF1ab","helicase",5828,"P"
5829,"fixation",2020-09-01,"ORF1ab","helicase",5829,"A"
5842,"fixation",2020-09-01,"ORF1ab","helicase",5842,"Q"
5865,"paraFix",2020-08-03,"ORF1ab","helicase",5865,"Y"
5865,"fixation",2020-06-01,"ORF1ab","helicase",5865,"Y"
5865,"fixation",2020-07-01,"ORF1ab","helicase",5865,"Y"
5865,"fixation",2020-10-01,"ORF1ab","helicase",5865,"Y"
5865,"fixation",2020-09-01,"ORF1ab","helicase",5865,"Y"
5865,"fixation",2020-05-01,"ORF1ab","helicase",5865,"Y"
5865,"fixation",2020-11-02,"ORF1ab","helicase",5865,"Y"
5922,"fixation",2021-05-03,"ORF1ab","helicase",5922,"A"
5922,"fixation",2021-01-01,"ORF1ab","helicase",5922,"A"
5922,"fixation",2021-03-01,"ORF1ab","helicase",5922,"A"
5922,"fixation",2021-04-02,"ORF1ab","helicase",5922,"A"
5922,"fixation",2021-02-01,"ORF1ab","helicase",5922,"A"
5956,"fixation",2020-09-01,"ORF1ab","3'-to-5' exonuclease",5956,"T"
5968,"fixation",2021-02-01,"ORF1ab","3'-to-5' exonuclease",5968,"P"
6010,"fixation",2021-03-01,"ORF1ab","3'-to-5' exonuclease",6010,"A"
6054,"fixation",2021-05-03,"ORF1ab","3'-to-5' exonuclease",6054,"N"
6054,"fixation",2021-01-01,"ORF1ab","3'-to-5' exonuclease",6054,"N"
6054,"fixation",2021-03-01,"ORF1ab","3'-to-5' exonuclease",6054,"N"
6054,"fixation",2021-04-02,"ORF1ab","3'-to-5' exonuclease",6054,"N"
6054,"fixation",2021-02-01,"ORF1ab","3'-to-5' exonuclease",6054,"N"
6054,"fixation",2020-12-01,"ORF1ab","3'-to-5' exonuclease",6054,"N"
6158,"fixation",2020-06-01,"ORF1ab","3'-to-5' exonuclease",6158,"F"
6158,"fixation",2020-05-01,"ORF1ab","3'-to-5' exonuclease",6158,"F"
6245,"fixation",2020-09-01,"ORF1ab","3'-to-5' exonuclease",6245,"A"
6245,"fixation",2020-05-01,"ORF1ab","3'-to-5' exonuclease",6245,"A"
6245,"fixation",2021-02-01,"ORF1ab","3'-to-5' exonuclease",6245,"A"
6245,"fixation",2020-10-01,"ORF1ab","3'-to-5' exonuclease",6245,"A"
6252,"fixation",2021-01-01,"ORF1ab","3'-to-5' exonuclease",6252,"P"
6270,"fixation",2020-09-01,"ORF1ab","3'-to-5' exonuclease",6270,"D"
6299,"fixation",2020-09-01,"ORF1ab","3'-to-5' exonuclease",6299,"S"
6376,"fixation",2021-05-03,"ORF1ab","3'-to-5' exonuclease",6376,"P"
6485,"fixation",2020-09-01,"ORF1ab","endoRNAse",6485,"T"
6485,"fixation",2021-01-01,"ORF1ab","endoRNAse",6485,"T"
6485,"fixation",2020-10-01,"ORF1ab","endoRNAse",6485,"T"
6490,"fixation",2020-09-01,"ORF1ab","endoRNAse",6490,"V"
6624,"fixation",2020-06-01,"ORF1ab","endoRNAse",6624,"V"
6624,"fixation",2020-05-01,"ORF1ab","endoRNAse",6624,"V"
6634,"fixation",2021-02-01,"ORF1ab","endoRNAse",6634,"V"
6709,"fixation",2021-05-03,"ORF1ab","endoRNAse",6709,"R"
6709,"fixation",2021-04-02,"ORF1ab","endoRNAse",6709,"R"
6804,"fixation",2021-01-01,"ORF1ab","2'-O-ribose methyltransferase",6804,"Q"
6804,"fixation",2020-10-01,"ORF1ab","2'-O-ribose methyltransferase",6804,"Q"
6804,"fixation",2020-09-01,"ORF1ab","2'-O-ribose methyltransferase",6804,"Q"
6826,"fixation",2020-09-01,"ORF1ab","2'-O-ribose methyltransferase",6826,"Q"
6831,"fixation",2020-05-01,"ORF1ab","2'-O-ribose methyltransferase",6831,"S"
6831,"fixation",2020-09-01,"ORF1ab","2'-O-ribose methyltransferase",6831,"S"
7014,"fixation",2021-01-01,"ORF1ab","2'-O-ribose methyltransferase",7014,"R"
7014,"fixation",2021-02-01,"ORF1ab","2'-O-ribose methyltransferase",7014,"R"
7014,"fixation",2021-05-03,"ORF1ab","2'-O-ribose methyltransferase",7014,"R"
7014,"fixation",2021-04-02,"ORF1ab","2'-O-ribose methyltransferase",7014,"R"
7014,"fixation",2021-03-01,"ORF1ab","2'-O-ribose methyltransferase",7014,"R"
7014,"fixation",2020-12-01,"ORF1ab","2'-O-ribose methyltransferase",7014,"R"
7034,"fixation",2021-02-01,"ORF1ab","2'-O-ribose methyltransferase",7034,"P"
7085,"fixation",2021-02-01,"ORF1ab","2'-O-ribose methyltransferase",7085,"R"
7105,"fixation",2020-05-01,"S","S",8,"L"
7105,"fixation",2020-09-01,"S","S",8,"L"
7109,"fixation",2020-10-01,"S","S",12,"S"
7110,"fixation",2021-05-03,"S","S",13,"S"
7110,"fixation",2021-02-01,"S","S",13,"S"
7110,"fixation",2021-04-02,"S","S",13,"S"
7115,"paraFix",2021-05-03,"S","S",18,"L"
7115,"parallel",2021-01-01,"S","S",18,"L"
7115,"paraFix",2021-03-01,"S","S",18,"L"
7115,"paraFix",2021-04-02,"S","S",18,"L"
7115,"paraFix",2021-02-01,"S","S",18,"L"
7117,"fixation",2021-02-01,"S","S",20,"T"
7117,"fixation",2021-05-03,"S","S",20,"T"
7117,"fixation",2021-04-02,"S","S",20,"T"
7117,"fixation",2021-03-01,"S","S",20,"T"
7123,"fixation",2021-05-03,"S","S",26,"P"
7123,"fixation",2021-02-01,"S","S",26,"P"
7123,"fixation",2021-04-02,"S","S",26,"P"
7123,"fixation",2021-03-01,"S","S",26,"P"
7149,"fixation",2021-05-03,"S","S",52,"Q"
7164,"fixation",2021-05-03,"S","S",67,"A"
7177,"fixation",2021-02-01,"S","S",80,"D"
7177,"fixation",2021-03-01,"S","S",80,"D"
7177,"fixation",2021-04-02,"S","S",80,"D"
7177,"fixation",2021-05-03,"S","S",80,"D"
7177,"fixation",2021-01-01,"S","S",80,"D"
7195,"fixation",2021-01-01,"S","S",98,"S"
7195,"fixation",2020-12-01,"S","S",98,"S"
7195,"fixation",2021-03-01,"S","S",98,"S"
7195,"fixation",2021-02-01,"S","S",98,"S"
7235,"fixation",2021-02-01,"S","S",138,"D"
7235,"fixation",2021-04-02,"S","S",138,"D"
7235,"fixation",2021-03-01,"S","S",138,"D"
7235,"fixation",2021-05-03,"S","S",138,"D"
7249,"fixation",2021-04-02,"S","S",152,"W"
7249,"fixation",2021-05-03,"S","S",152,"W"
7249,"fixation",2021-02-01,"S","S",152,"W"
7254,"fixation",2021-05-03,"S","S",157,"F"
7254,"fixation",2021-04-02,"S","S",157,"F"
7254,"fixation",2021-03-01,"S","S",157,"F"
7287,"fixation",2021-04-02,"S","S",190,"R"
7287,"fixation",2021-02-01,"S","S",190,"R"
7287,"fixation",2021-05-03,"S","S",190,"R"
7287,"fixation",2021-03-01,"S","S",190,"R"
7312,"fixation",2021-04-02,"S","S",215,"D"
7312,"fixation",2021-02-01,"S","S",215,"D"
7312,"fixation",2021-03-01,"S","S",215,"D"
7312,"fixation",2021-01-01,"S","S",215,"D"
7312,"fixation",2021-05-03,"S","S",215,"D"
7319,"fixation",2021-05-03,"S","S",222,"A"
7319,"fixation",2020-10-01,"S","S",222,"A"
7319,"fixation",2021-03-01,"S","S",222,"A"
7319,"fixation",2021-02-01,"S","S",222,"A"
7319,"fixation",2021-04-02,"S","S",222,"A"
7319,"fixation",2020-11-02,"S","S",222,"A"
7319,"fixation",2021-01-01,"S","S",222,"A"
7319,"fixation",2020-12-01,"S","S",222,"A"
7378,"fixation",2020-11-02,"S","S",281,"E"
7378,"fixation",2020-09-01,"S","S",281,"E"
7378,"fixation",2020-10-01,"S","S",281,"E"
7404,"fixation",2021-01-01,"S","S",307,"T"
7464,"fixation",2021-04-02,"S","S",367,"V"
7464,"fixation",2021-03-01,"S","S",367,"V"
7464,"fixation",2021-05-03,"S","S",367,"V"
7511,"fixation",2021-02-01,"S","S",414,"Q"
7514,"paraFix",2021-05-03,"S","S",417,"K"
7514,"fixation",2021-01-01,"S","S",417,"K"
7514,"paraFix",2021-02-01,"S","S",417,"K"
7514,"paraFix",2021-03-01,"S","S",417,"K"
7514,"paraFix",2021-04-02,"S","S",417,"K"
7536,"fixation",2021-01-01,"S","S",439,"N"
7536,"paraFix",2021-04-02,"S","S",439,"N"
7536,"fixation",2020-09-01,"S","S",439,"N"
7536,"fixation",2020-12-01,"S","S",439,"N"
7536,"paraFix",2021-05-03,"S","S",439,"N"
7536,"fixation",2021-02-01,"S","S",439,"N"
7536,"fixation",2021-03-01,"S","S",439,"N"
7549,"paraFix",2021-04-02,"S","S",452,"L"
7549,"paraFix",2021-05-03,"S","S",452,"L"
7549,"fixation",2021-02-01,"S","S",452,"L"
7574,"paraFix",2021-05-03,"S","S",477,"S"
7574,"paraFix",2021-01-01,"S","S",477,"S"
7574,"paraFix",2020-12-01,"S","S",477,"S"
7574,"paraFix",2021-02-01,"S","S",477,"S"
7574,"fixation",2021-04-02,"S","S",477,"S"
7574,"fixation",2020-09-01,"S","S",477,"S"
7574,"paraFix",2021-03-01,"S","S",477,"S"
7575,"fixation",2021-05-03,"S","S",478,"T"
7575,"fixation",2021-04-02,"S","S",478,"T"
7581,"paraFix",2021-02-01,"S","S",484,"E"
7581,"paraFix",2021-01-01,"S","S",484,"E"
7581,"paraFix",2021-03-01,"S","S",484,"E"
7581,"paraFix",2021-05-03,"S","S",484,"E"
7581,"paraFix",2021-04-02,"S","S",484,"E"
7598,"paraFix",2021-02-01,"S","S",501,"N"
7598,"paraFix",2021-05-03,"S","S",501,"N"
7598,"paraFix",2021-04-02,"S","S",501,"N"
7598,"paraFix",2021-03-01,"S","S",501,"N"
7598,"paraFix",2021-01-01,"S","S",501,"N"
7662,"fixation",2021-01-01,"S","S",565,"F"
7667,"fixation",2021-04-02,"S","S",570,"A"
7667,"fixation",2021-02-01,"S","S",570,"A"
7667,"fixation",2021-03-01,"S","S",570,"A"
7667,"fixation",2021-01-01,"S","S",570,"A"
7667,"fixation",2021-05-03,"S","S",570,"A"
7710,"fixation",2021-03-01,"S","S",613,"Q"
7710,"fixation",2021-04-02,"S","S",613,"Q"
7710,"fixation",2021-05-03,"S","S",613,"Q"
7711,"paraFix",2021-05-03,"S","S",614,"D"
7711,"paraFix",2020-12-01,"S","S",614,"D"
7711,"fixation",2020-10-01,"S","S",614,"D"
7711,"fixation",2021-04-02,"S","S",614,"D"
7711,"fixation",2020-06-01,"S","S",614,"D"
7711,"fixation",2020-05-01,"S","S",614,"D"
7711,"fixation",2020-08-03,"S","S",614,"D"
7711,"paraFix",2021-02-01,"S","S",614,"D"
7711,"fixation",2020-11-02,"S","S",614,"D"
7711,"paraFix",2021-01-01,"S","S",614,"D"
7711,"fixation",2021-03-01,"S","S",614,"D"
7711,"fixation",2020-07-01,"S","S",614,"D"
7711,"fixation",2020-09-01,"S","S",614,"D"
7752,"fixation",2021-04-02,"S","S",655,"H"
7752,"fixation",2021-05-03,"S","S",655,"H"
7752,"fixation",2021-03-01,"S","S",655,"H"
7752,"fixation",2021-02-01,"S","S",655,"H"
7774,"fixation",2021-05-03,"S","S",677,"Q"
7774,"paraFix",2021-02-01,"S","S",677,"Q"
7778,"paraFix",2021-03-01,"S","S",681,"P"
7778,"paraFix",2021-05-03,"S","S",681,"P"
7778,"fixation",2021-01-01,"S","S",681,"P"
7778,"paraFix",2021-04-02,"S","S",681,"P"
7778,"paraFix",2021-02-01,"S","S",681,"P"
7786,"fixation",2021-02-01,"S","S",689,"S"
7798,"paraFix",2021-01-01,"S","S",701,"A"
7798,"paraFix",2021-02-01,"S","S",701,"A"
7798,"paraFix",2021-03-01,"S","S",701,"A"
7798,"fixation",2021-05-03,"S","S",701,"A"
7798,"fixation",2021-04-02,"S","S",701,"A"
7813,"fixation",2021-03-01,"S","S",716,"T"
7813,"fixation",2021-04-02,"S","S",716,"T"
7813,"paraFix",2021-05-03,"S","S",716,"T"
7813,"fixation",2021-01-01,"S","S",716,"T"
7813,"fixation",2021-02-01,"S","S",716,"T"
7829,"fixation",2021-04-02,"S","S",732,"T"
7829,"fixation",2021-05-03,"S","S",732,"T"
7875,"fixation",2021-02-01,"S","S",778,"T"
7926,"fixation",2020-05-01,"S","S",829,"A"
7926,"fixation",2020-06-01,"S","S",829,"A"
7985,"fixation",2021-05-03,"S","S",888,"F"
8033,"fixation",2020-07-01,"S","S",936,"D"
8033,"fixation",2020-06-01,"S","S",936,"D"
8033,"fixation",2020-09-01,"S","S",936,"D"
8033,"fixation",2020-08-03,"S","S",936,"D"
8033,"fixation",2020-05-01,"S","S",936,"D"
8033,"fixation",2020-10-01,"S","S",936,"D"
8054,"fixation",2021-01-01,"S","S",957,"Q"
8079,"fixation",2021-04-02,"S","S",982,"S"
8079,"fixation",2021-03-01,"S","S",982,"S"
8079,"fixation",2021-02-01,"S","S",982,"S"
8079,"paraFix",2021-05-03,"S","S",982,"S"
8079,"fixation",2021-01-01,"S","S",982,"S"
8124,"fixation",2021-04-02,"S","S",1027,"T"
8124,"fixation",2021-02-01,"S","S",1027,"T"
8124,"fixation",2021-05-03,"S","S",1027,"T"
8124,"fixation",2021-03-01,"S","S",1027,"T"
8165,"fixation",2020-12-01,"S","S",1068,"V"
8175,"fixation",2020-09-01,"S","S",1078,"A"
8214,"fixation",2021-02-01,"S","S",1117,"T"
8215,"fixation",2021-01-01,"S","S",1118,"D"
8215,"fixation",2021-02-01,"S","S",1118,"D"
8215,"fixation",2021-03-01,"S","S",1118,"D"
8215,"fixation",2021-04-02,"S","S",1118,"D"
8215,"fixation",2021-05-03,"S","S",1118,"D"
8252,"fixation",2021-02-01,"S","S",1155,"Y"
8273,"fixation",2021-05-03,"S","S",1176,"V"
8273,"fixation",2021-03-01,"S","S",1176,"V"
8273,"fixation",2021-02-01,"S","S",1176,"V"
8273,"fixation",2021-01-01,"S","S",1176,"V"
8273,"fixation",2021-04-02,"S","S",1176,"V"
8273,"fixation",2020-11-02,"S","S",1176,"V"
8360,"fixation",2020-05-01,"S","S",1263,"P"
8397,"fixation",2021-05-03,"ORF3a","ORF3a",26,"S"
8409,"fixation",2021-02-01,"ORF3a","ORF3a",38,"Q"
8409,"fixation",2021-03-01,"ORF3a","ORF3a",38,"Q"
8409,"fixation",2020-12-01,"ORF3a","ORF3a",38,"Q"
8409,"fixation",2021-01-01,"ORF3a","ORF3a",38,"Q"
8424,"fixation",2020-09-01,"ORF3a","ORF3a",53,"L"
8428,"fixation",2020-07-01,"ORF3a","ORF3a",57,"Q"
8428,"paraFix",2021-01-01,"ORF3a","ORF3a",57,"Q"
8428,"paraFix",2021-04-02,"ORF3a","ORF3a",57,"Q"
8428,"paraFix",2020-12-01,"ORF3a","ORF3a",57,"Q"
8428,"fixation",2020-09-01,"ORF3a","ORF3a",57,"Q"
8428,"fixation",2020-06-01,"ORF3a","ORF3a",57,"Q"
8428,"paraFix",2020-10-01,"ORF3a","ORF3a",57,"Q"
8428,"fixation",2020-08-03,"ORF3a","ORF3a",57,"Q"
8428,"paraFix",2020-05-01,"ORF3a","ORF3a",57,"Q"
8428,"paraFix",2021-03-01,"ORF3a","ORF3a",57,"Q"
8428,"paraFix",2021-02-01,"ORF3a","ORF3a",57,"Q"
8428,"paraFix",2021-05-03,"ORF3a","ORF3a",57,"Q"
8428,"paraFix",2020-11-02,"ORF3a","ORF3a",57,"Q"
8429,"fixation",2020-09-01,"ORF3a","ORF3a",58,"S"
8445,"fixation",2021-05-03,"ORF3a","ORF3a",74,"S"
8449,"fixation",2021-03-01,"ORF3a","ORF3a",78,"H"
8470,"fixation",2020-05-01,"ORF3a","ORF3a",99,"A"
8470,"fixation",2020-09-01,"ORF3a","ORF3a",99,"A"
8470,"fixation",2020-06-01,"ORF3a","ORF3a",99,"A"
8502,"fixation",2021-02-01,"ORF3a","ORF3a",131,"W"
8542,"fixation",2021-05-03,"ORF3a","ORF3a",171,"S"
8542,"fixation",2021-03-01,"ORF3a","ORF3a",171,"S"
8542,"fixation",2021-04-02,"ORF3a","ORF3a",171,"S"
8542,"paraFix",2021-02-01,"ORF3a","ORF3a",171,"S"
8543,"paraFix",2021-02-01,"ORF3a","ORF3a",172,"G"
8543,"paraFix",2021-01-01,"ORF3a","ORF3a",172,"G"
8543,"fixation",2021-04-02,"ORF3a","ORF3a",172,"G"
8543,"fixation",2021-05-03,"ORF3a","ORF3a",172,"G"
8543,"paraFix",2020-12-01,"ORF3a","ORF3a",172,"G"
8543,"paraFix",2021-03-01,"ORF3a","ORF3a",172,"G"
8567,"fixation",2020-11-02,"ORF3a","ORF3a",196,"G"
8567,"fixation",2021-02-01,"ORF3a","ORF3a",196,"G"
8567,"fixation",2021-01-01,"ORF3a","ORF3a",196,"G"
8567,"fixation",2020-10-01,"ORF3a","ORF3a",196,"G"
8567,"fixation",2020-07-01,"ORF3a","ORF3a",196,"G"
8567,"fixation",2021-05-03,"ORF3a","ORF3a",196,"G"
8567,"fixation",2020-08-03,"ORF3a","ORF3a",196,"G"
8567,"fixation",2020-12-01,"ORF3a","ORF3a",196,"G"
8567,"fixation",2020-05-01,"ORF3a","ORF3a",196,"G"
8567,"fixation",2020-09-01,"ORF3a","ORF3a",196,"G"
8567,"fixation",2020-06-01,"ORF3a","ORF3a",196,"G"
8567,"fixation",2021-04-02,"ORF3a","ORF3a",196,"G"
8573,"fixation",2021-03-01,"ORF3a","ORF3a",202,"V"
8573,"fixation",2021-01-01,"ORF3a","ORF3a",202,"V"
8573,"fixation",2021-02-01,"ORF3a","ORF3a",202,"V"
8573,"fixation",2020-12-01,"ORF3a","ORF3a",202,"V"
8594,"parallel",2021-04-02,"ORF3a","ORF3a",223,"T"
8622,"paraFix",2020-08-03,"ORF3a","ORF3a",251,"G"
8622,"paraFix",2020-10-01,"ORF3a","ORF3a",251,"G"
8622,"fixation",2020-07-01,"ORF3a","ORF3a",251,"G"
8622,"fixation",2021-02-01,"ORF3a","ORF3a",251,"G"
8622,"paraFix",2020-05-01,"ORF3a","ORF3a",251,"G"
8622,"paraFix",2020-06-01,"ORF3a","ORF3a",251,"G"
8622,"fixation",2021-01-01,"ORF3a","ORF3a",251,"G"
8622,"fixation",2020-12-01,"ORF3a","ORF3a",251,"G"
8622,"fixation",2020-11-02,"ORF3a","ORF3a",251,"G"
8622,"paraFix",2020-09-01,"ORF3a","ORF3a",251,"G"
8624,"fixation",2021-05-03,"ORF3a","ORF3a",253,"S"
8624,"fixation",2021-04-02,"ORF3a","ORF3a",253,"S"
8624,"fixation",2021-03-01,"ORF3a","ORF3a",253,"S"
8624,"fixation",2021-02-01,"ORF3a","ORF3a",253,"S"
8652,"fixation",2020-10-01,"E","E",5,"V"
8652,"fixation",2020-12-01,"E","E",5,"V"
8668,"fixation",2021-05-03,"E","E",21,"L"
8718,"fixation",2021-04-02,"E","E",71,"P"
8718,"fixation",2021-02-01,"E","E",71,"P"
8718,"fixation",2021-05-03,"E","E",71,"P"
8718,"fixation",2021-01-01,"E","E",71,"P"
8718,"fixation",2021-03-01,"E","E",71,"P"
8726,"paraFix",2020-10-01,"M","M",3,"D"
8726,"paraFix",2020-09-01,"M","M",3,"D"
8726,"fixation",2020-07-01,"M","M",3,"D"
8726,"fixation",2020-08-03,"M","M",3,"D"
8726,"fixation",2020-06-01,"M","M",3,"D"
8726,"fixation",2020-05-01,"M","M",3,"D"
8805,"paraFix",2021-05-03,"M","M",82,"I"
8898,"fixation",2020-08-03,"M","M",175,"T"
8898,"fixation",2020-05-01,"M","M",175,"T"
8898,"paraFix",2020-07-01,"M","M",175,"T"
8898,"fixation",2020-09-01,"M","M",175,"T"
8898,"fixation",2020-06-01,"M","M",175,"T"
8898,"fixation",2020-10-01,"M","M",175,"T"
8979,"fixation",2020-06-01,"ORF6","ORF6",33,"I"
8979,"fixation",2020-08-03,"ORF6","ORF6",33,"I"
8979,"fixation",2020-12-01,"ORF6","ORF6",33,"I"
8979,"fixation",2020-09-01,"ORF6","ORF6",33,"I"
8979,"fixation",2020-11-02,"ORF6","ORF6",33,"I"
8979,"fixation",2021-02-01,"ORF6","ORF6",33,"I"
8979,"fixation",2021-04-02,"ORF6","ORF6",33,"I"
8979,"fixation",2020-10-01,"ORF6","ORF6",33,"I"
8979,"fixation",2020-07-01,"ORF6","ORF6",33,"I"
8979,"fixation",2021-05-03,"ORF6","ORF6",33,"I"
8979,"fixation",2021-01-01,"ORF6","ORF6",33,"I"
8979,"fixation",2021-03-01,"ORF6","ORF6",33,"I"
9090,"fixation",2021-05-03,"ORF7a","ORF7a",82,"V"
9198,"fixation",2020-05-01,"ORF8","ORF8",24,"S"
9198,"fixation",2020-06-01,"ORF8","ORF8",24,"S"
9198,"fixation",2020-12-01,"ORF8","ORF8",24,"S"
9198,"fixation",2020-10-01,"ORF8","ORF8",24,"S"
9198,"fixation",2021-02-01,"ORF8","ORF8",24,"S"
9198,"fixation",2021-01-01,"ORF8","ORF8",24,"S"
9198,"fixation",2021-03-01,"ORF8","ORF8",24,"S"
9198,"fixation",2021-04-02,"ORF8","ORF8",24,"S"
9198,"fixation",2020-11-02,"ORF8","ORF8",24,"S"
9198,"fixation",2021-05-03,"ORF8","ORF8",24,"S"
9204,"fixation",2020-09-01,"ORF8","ORF8",30,"P"
9226,"paraFix",2021-05-03,"ORF8","ORF8",52,"R"
9226,"paraFix",2021-02-01,"ORF8","ORF8",52,"R"
9226,"fixation",2021-03-01,"ORF8","ORF8",52,"R"
9226,"fixation",2021-04-02,"ORF8","ORF8",52,"R"
9226,"fixation",2021-01-01,"ORF8","ORF8",52,"R"
9236,"fixation",2020-06-01,"ORF8","ORF8",62,"V"
9236,"fixation",2020-05-01,"ORF8","ORF8",62,"V"
9236,"fixation",2020-09-01,"ORF8","ORF8",62,"V"
9237,"fixation",2021-01-01,"ORF8","ORF8",63,"D"
9247,"fixation",2021-04-02,"ORF8","ORF8",73,"Y"
9247,"fixation",2021-02-01,"ORF8","ORF8",73,"Y"
9247,"fixation",2021-03-01,"ORF8","ORF8",73,"Y"
9247,"fixation",2021-01-01,"ORF8","ORF8",73,"Y"
9247,"fixation",2021-05-03,"ORF8","ORF8",73,"Y"
9258,"fixation",2020-11-02,"ORF8","ORF8",84,"L"
9258,"fixation",2020-07-01,"ORF8","ORF8",84,"L"
9258,"fixation",2020-05-01,"ORF8","ORF8",84,"L"
9258,"fixation",2020-12-01,"ORF8","ORF8",84,"L"
9258,"fixation",2020-10-01,"ORF8","ORF8",84,"L"
9258,"fixation",2020-09-01,"ORF8","ORF8",84,"L"
9258,"fixation",2021-04-02,"ORF8","ORF8",84,"L"
9258,"fixation",2021-03-01,"ORF8","ORF8",84,"L"
9258,"fixation",2020-06-01,"ORF8","ORF8",84,"L"
9258,"fixation",2021-02-01,"ORF8","ORF8",84,"L"
9258,"fixation",2021-05-03,"ORF8","ORF8",84,"L"
9258,"fixation",2021-01-01,"ORF8","ORF8",84,"L"
9258,"fixation",2020-08-03,"ORF8","ORF8",84,"L"
9266,"fixation",2020-10-01,"ORF8","ORF8",92,"E"
9266,"paraFix",2021-05-03,"ORF8","ORF8",92,"E"
9266,"paraFix",2021-04-02,"ORF8","ORF8",92,"E"
9266,"fixation",2021-02-01,"ORF8","ORF8",92,"E"
9266,"fixation",2020-09-01,"ORF8","ORF8",92,"E"
9266,"fixation",2021-01-01,"ORF8","ORF8",92,"E"
9266,"paraFix",2021-03-01,"ORF8","ORF8",92,"E"
9269,"fixation",2021-04-02,"ORF8","ORF8",95,"L"
9292,"fixation",2021-04-02,"ORF8","ORF8",118,"L"
9292,"fixation",2021-05-03,"ORF8","ORF8",118,"L"
9294,"fixation",2021-04-02,"ORF8","ORF8",120,"F"
9294,"fixation",2021-05-03,"ORF8","ORF8",120,"F"
9295,"fixation",2021-05-03,"ORF8","ORF8",121,"I"
9295,"paraFix",2021-04-02,"ORF8","ORF8",121,"I"
9298,"fixation",2021-01-01,"N","N",2,"S"
9299,"fixation",2021-03-01,"N","N",3,"D"
9299,"fixation",2021-04-02,"N","N",3,"D"
9299,"fixation",2021-05-03,"N","N",3,"D"
9299,"fixation",2021-01-01,"N","N",3,"D"
9299,"fixation",2021-02-01,"N","N",3,"D"
9308,"fixation",2021-05-03,"N","N",12,"A"
9309,"fixation",2021-02-01,"N","N",13,"P"
9309,"fixation",2021-03-01,"N","N",13,"P"
9309,"fixation",2020-05-01,"N","N",13,"P"
9309,"fixation",2021-01-01,"N","N",13,"P"
9309,"fixation",2020-10-01,"N","N",13,"P"
9309,"paraFix",2020-11-02,"N","N",13,"P"
9309,"fixation",2021-05-03,"N","N",13,"P"
9309,"fixation",2020-06-01,"N","N",13,"P"
9309,"fixation",2020-12-01,"N","N",13,"P"
9309,"fixation",2020-08-03,"N","N",13,"P"
9309,"fixation",2020-07-01,"N","N",13,"P"
9309,"fixation",2021-04-02,"N","N",13,"P"
9309,"fixation",2020-09-01,"N","N",13,"P"
9363,"fixation",2021-02-01,"N","N",67,"P"
9363,"fixation",2021-04-02,"N","N",67,"P"
9363,"fixation",2021-05-03,"N","N",67,"P"
9363,"fixation",2021-01-01,"N","N",67,"P"
9363,"fixation",2021-03-01,"N","N",67,"P"
9363,"fixation",2020-12-01,"N","N",67,"P"
9368,"fixation",2020-09-01,"N","N",72,"V"
9376,"fixation",2021-02-01,"N","N",80,"P"
9376,"fixation",2021-04-02,"N","N",80,"P"
9376,"fixation",2021-03-01,"N","N",80,"P"
9376,"fixation",2021-05-03,"N","N",80,"P"
9399,"fixation",2020-09-01,"N","N",103,"D"
9415,"fixation",2021-03-01,"N","N",119,"A"
9415,"fixation",2021-02-01,"N","N",119,"A"
9415,"fixation",2021-05-03,"N","N",119,"A"
9415,"fixation",2021-01-01,"N","N",119,"A"
9415,"fixation",2021-04-02,"N","N",119,"A"
9424,"fixation",2020-09-01,"N","N",128,"D"
9441,"fixation",2021-02-01,"N","N",145,"H"
9447,"fixation",2020-12-01,"N","N",151,"P"
9479,"fixation",2020-12-01,"N","N",183,"S"
9479,"fixation",2021-01-01,"N","N",183,"S"
9479,"fixation",2020-11-02,"N","N",183,"S"
9483,"fixation",2020-09-01,"N","N",187,"S"
9483,"fixation",2020-12-01,"N","N",187,"S"
9490,"paraFix",2020-10-01,"N","N",194,"S"
9490,"paraFix",2021-03-01,"N","N",194,"S"
9490,"paraFix",2020-09-01,"N","N",194,"S"
9490,"paraFix",2021-02-01,"N","N",194,"S"
9490,"paraFix",2020-12-01,"N","N",194,"S"
9490,"paraFix",2020-08-03,"N","N",194,"S"
9490,"paraFix",2021-01-01,"N","N",194,"S"
9490,"paraFix",2021-05-03,"N","N",194,"S"
9490,"fixation",2020-05-01,"N","N",194,"S"
9490,"fixation",2020-06-01,"N","N",194,"S"
9490,"paraFix",2021-04-02,"N","N",194,"S"
9493,"fixation",2020-10-01,"N","N",197,"S"
9493,"fixation",2021-04-02,"N","N",197,"S"
9493,"fixation",2021-05-03,"N","N",197,"S"
9493,"fixation",2021-01-01,"N","N",197,"S"
9493,"fixation",2020-06-01,"N","N",197,"S"
9493,"paraFix",2021-02-01,"N","N",197,"S"
9493,"fixation",2020-07-01,"N","N",197,"S"
9493,"fixation",2020-11-02,"N","N",197,"S"
9493,"fixation",2020-12-01,"N","N",197,"S"
9493,"fixation",2020-09-01,"N","N",197,"S"
9493,"fixation",2020-08-03,"N","N",197,"S"
9493,"fixation",2020-05-01,"N","N",197,"S"
9495,"fixation",2021-04-02,"N","N",199,"P"
9495,"fixation",2020-09-01,"N","N",199,"P"
9495,"paraFix",2021-03-01,"N","N",199,"P"
9495,"paraFix",2020-12-01,"N","N",199,"P"
9495,"paraFix",2021-02-01,"N","N",199,"P"
9495,"fixation",2021-05-03,"N","N",199,"P"
9495,"paraFix",2021-01-01,"N","N",199,"P"
9498,"fixation",2020-10-01,"N","N",202,"S"
9498,"fixation",2021-05-03,"N","N",202,"S"
9498,"fixation",2020-12-01,"N","N",202,"S"
9498,"fixation",2021-01-01,"N","N",202,"S"
9498,"fixation",2021-03-01,"N","N",202,"S"
9498,"fixation",2021-02-01,"N","N",202,"S"
9498,"fixation",2020-05-01,"N","N",202,"S"
9498,"fixation",2020-11-02,"N","N",202,"S"
9498,"fixation",2021-04-02,"N","N",202,"S"
9498,"fixation",2020-07-01,"N","N",202,"S"
9498,"paraFix",2020-09-01,"N","N",202,"S"
9498,"fixation",2020-06-01,"N","N",202,"S"
9498,"fixation",2020-08-03,"N","N",202,"S"
9499,"paraFix",2021-05-03,"N","N",203,"R"
9499,"fixation",2020-12-01,"N","N",203,"R"
9499,"fixation",2021-02-01,"N","N",203,"R"
9499,"paraFix",2020-09-01,"N","N",203,"R"
9499,"paraFix",2020-05-01,"N","N",203,"R"
9499,"fixation",2020-10-01,"N","N",203,"R"
9499,"fixation",2021-03-01,"N","N",203,"R"
9499,"fixation",2021-04-02,"N","N",203,"R"
9499,"fixation",2020-07-01,"N","N",203,"R"
9499,"fixation",2021-01-01,"N","N",203,"R"
9499,"paraFix",2020-08-03,"N","N",203,"R"
9499,"fixation",2020-11-02,"N","N",203,"R"
9499,"fixation",2020-06-01,"N","N",203,"R"
9500,"fixation",2020-10-01,"N","N",204,"G"
9500,"paraFix",2020-08-03,"N","N",204,"G"
9500,"fixation",2021-01-01,"N","N",204,"G"
9500,"fixation",2020-12-01,"N","N",204,"G"
9500,"fixation",2021-02-01,"N","N",204,"G"
9500,"fixation",2020-05-01,"N","N",204,"G"
9500,"fixation",2020-06-01,"N","N",204,"G"
9500,"fixation",2020-07-01,"N","N",204,"G"
9500,"fixation",2020-09-01,"N","N",204,"G"
9500,"fixation",2021-04-02,"N","N",204,"G"
9500,"fixation",2021-05-03,"N","N",204,"G"
9500,"fixation",2021-03-01,"N","N",204,"G"
9500,"fixation",2020-11-02,"N","N",204,"G"
9501,"fixation",2021-01-01,"N","N",205,"T"
9501,"paraFix",2021-04-02,"N","N",205,"T"
9501,"paraFix",2021-02-01,"N","N",205,"T"
9501,"paraFix",2021-05-03,"N","N",205,"T"
9501,"paraFix",2021-03-01,"N","N",205,"T"
9502,"fixation",2021-02-01,"N","N",206,"S"
9504,"fixation",2020-05-01,"N","N",208,"A"
9508,"fixation",2021-02-01,"N","N",212,"G"
9516,"fixation",2020-12-01,"N","N",220,"A"
9516,"fixation",2021-04-02,"N","N",220,"A"
9516,"fixation",2020-11-02,"N","N",220,"A"
9516,"fixation",2020-10-01,"N","N",220,"A"
9516,"paraFix",2021-02-01,"N","N",220,"A"
9516,"fixation",2021-01-01,"N","N",220,"A"
9516,"fixation",2021-05-03,"N","N",220,"A"
9516,"fixation",2021-03-01,"N","N",220,"A"
9530,"fixation",2020-12-01,"N","N",234,"M"
9530,"paraFix",2021-03-01,"N","N",234,"M"
9530,"paraFix",2021-01-01,"N","N",234,"M"
9530,"paraFix",2021-05-03,"N","N",234,"M"
9530,"paraFix",2021-02-01,"N","N",234,"M"
9530,"paraFix",2021-04-02,"N","N",234,"M"
9531,"fixation",2021-02-01,"N","N",235,"S"
9531,"fixation",2020-12-01,"N","N",235,"S"
9531,"fixation",2021-03-01,"N","N",235,"S"
9531,"paraFix",2021-01-01,"N","N",235,"S"
9531,"fixation",2021-04-02,"N","N",235,"S"
9531,"fixation",2021-05-03,"N","N",235,"S"
9588,"fixation",2021-05-03,"N","N",292,"I"
9588,"fixation",2020-08-03,"N","N",292,"I"
9588,"fixation",2020-05-01,"N","N",292,"I"
9588,"fixation",2021-02-01,"N","N",292,"I"
9588,"fixation",2020-12-01,"N","N",292,"I"
9588,"fixation",2021-03-01,"N","N",292,"I"
9588,"fixation",2020-09-01,"N","N",292,"I"
9588,"fixation",2020-10-01,"N","N",292,"I"
9588,"fixation",2021-04-02,"N","N",292,"I"
9588,"fixation",2020-11-02,"N","N",292,"I"
9588,"fixation",2020-07-01,"N","N",292,"I"
9588,"fixation",2020-06-01,"N","N",292,"I"
9588,"fixation",2021-01-01,"N","N",292,"I"
9672,"fixation",2021-02-01,"N","N",376,"A"
9672,"fixation",2021-05-03,"N","N",376,"A"
9672,"fixation",2020-12-01,"N","N",376,"A"
9672,"fixation",2021-03-01,"N","N",376,"A"
9672,"fixation",2021-04-02,"N","N",376,"A"
9672,"fixation",2021-01-01,"N","N",376,"A"
9673,"fixation",2021-04-02,"N","N",377,"D"
9673,"fixation",2021-01-01,"N","N",377,"D"
9673,"fixation",2021-03-01,"N","N",377,"D"
9673,"fixation",2021-02-01,"N","N",377,"D"
9673,"paraFix",2021-05-03,"N","N",377,"D"
9680,"fixation",2021-02-01,"N","N",384,"Q"
9689,"fixation",2020-05-01,"N","N",393,"T"
9726,"fixation",2021-04-02,"ORF10","ORF10",10,"P"
9726,"fixation",2021-05-03,"ORF10","ORF10",10,"P"
9736,"fixation",2020-09-01,"ORF10","ORF10",20,"R"
9746,"paraFix",2021-02-01,"ORF10","ORF10",30,"V"
9746,"fixation",2021-03-01,"ORF10","ORF10",30,"V"
9746,"fixation",2021-04-02,"ORF10","ORF10",30,"V"
9746,"fixation",2020-12-01,"ORF10","ORF10",30,"V"
9746,"fixation",2020-10-01,"ORF10","ORF10",30,"V"
9746,"fixation",2021-05-03,"ORF10","ORF10",30,"V"
9746,"fixation",2020-11-02,"ORF10","ORF10",30,"V"
9746,"fixation",2021-01-01,"ORF10","ORF10",30,"V"
